City_ID,City,Lat,Lng,Max Temp,Humidity,Cloudiness,Wind Speed,Country,Date
0,punta arenas,-53.15,-70.9167,12.06,58,75,3.6,CL,1680479400
1,rikitea,-23.1203,-134.9692,26.68,82,51,6.74,PF,1680479474
2,bluff,-46.6,168.3333,14.89,61,75,3.94,NZ,1680479474
3,lata,40.1629,-8.3327,10.51,75,99,1.23,PT,1680479474
4,hobart,-42.8794,147.3294,16.7,65,20,4.63,AU,1680479226
5,leningradskiy,69.3833,178.4167,-20.86,86,100,5.33,RU,1680479474
6,atuona,-9.8,-139.0333,27.29,76,38,6.5,PF,1680479474
7,avarua,-21.2078,-159.775,28.03,69,75,3.09,CK,1680479474
8,bredasdorp,-34.5322,20.0403,18.01,91,12,2.98,ZA,1680479474
9,ribeira grande,38.5167,-28.7,13.76,67,75,2.68,PT,1680479474
10,nhulunbuy,-12.2333,136.7667,31.34,66,20,5.66,AU,1680479475
11,hermanus,-34.4187,19.2345,18.78,92,52,2.72,ZA,1680479475
12,port moresby,-9.4431,147.1797,26.26,82,99,1.41,PG,1680479475
13,cherskiy,68.75,161.3,-26.07,90,57,2.29,RU,1680479475
14,buraydah,26.326,43.975,15.25,22,0,3.3,SA,1680479475
15,ilulissat,69.2167,-51.1,-15.99,85,20,1.54,GL,1680479476
16,zhigansk,66.7697,123.3711,-7.06,94,100,10.18,RU,1680479476
17,chokurdakh,70.6333,147.9167,-19.87,89,67,5.85,RU,1680479476
18,kandrian,-6.2167,149.55,29.28,69,94,0.93,PG,1680479476
19,hithadhoo,-0.6,73.0833,27.92,69,10,3.04,MV,1680479476
20,ushuaia,-54.8,-68.3,11.81,50,40,4.63,AR,1680479476
21,hilo,19.7297,-155.09,23.85,90,75,5.14,US,1680479476
22,pangody,65.85,74.4859,-10.0,91,67,4.66,RU,1680479476
23,mataura,-46.1927,168.8643,14.71,49,55,1.29,NZ,1680479477
24,provideniya,64.3833,-173.3,-10.91,57,40,1.0,RU,1680479477
25,touros,-5.1989,-35.4608,25.69,81,95,2.35,BR,1680479477
26,busselton,-33.65,115.3333,16.92,81,1,4.66,AU,1680479477
27,barrow,71.2906,-156.7887,-13.99,78,100,4.63,US,1680479477
28,burlatskoye,45.0564,43.635,7.07,70,47,1.23,RU,1680479477
29,saskylakh,71.9167,114.0833,-8.41,96,100,0.88,RU,1680479478
30,tarko-sale,64.9225,77.785,-6.04,90,100,5.21,RU,1680479478
31,pemangkat,1.1667,108.9667,25.42,83,95,2.11,ID,1680479478
32,albany,42.6001,-73.9662,3.36,27,16,2.24,US,1680479362
33,kapaa,22.0752,-159.319,27.33,80,20,4.12,US,1680479478
34,inhambane,-23.865,35.3833,22.93,71,35,2.12,MZ,1680479478
35,puerto escondido,15.85,-97.0667,28.79,68,20,3.03,MX,1680479478
36,butaritari,3.0707,172.7902,27.64,78,52,5.55,KI,1680479479
37,bethel,41.3712,-73.414,7.64,32,0,4.63,US,1680479401
38,vaini,-21.2,-175.2,28.09,69,40,5.14,TO,1680479479
39,narsaq,60.9167,-46.05,5.12,76,100,4.02,GL,1680479479
40,esperance,-33.8667,121.9,18.82,72,70,3.54,AU,1680479479
41,sao filipe,14.8961,-24.4956,24.52,63,0,2.68,CV,1680479480
42,chuy,-33.6971,-53.4616,17.85,76,76,1.54,UY,1680479480
43,lagoa,39.05,-27.9833,13.89,59,67,8.81,PT,1680479480
44,bhanpuri,21.1,80.9167,25.33,27,59,2.5,IN,1680479480
45,georgetown,5.4112,100.3354,25.96,88,20,1.54,MY,1680479456
46,lincoln,40.8,-96.667,22.32,44,87,2.24,US,1680479226
47,lyss,47.0741,7.3066,8.13,92,75,1.54,CH,1680479480
48,jamestown,42.097,-79.2353,3.8,32,0,0.0,US,1680479480
49,eureka,40.8021,-124.1637,9.96,79,98,3.13,US,1680479481
50,upington,-28.4478,21.2561,21.21,35,0,1.03,ZA,1680479481
51,salalah,17.0151,54.0924,30.05,42,0,3.09,OM,1680479481
52,luderitz,-26.6481,15.1594,15.44,87,2,6.05,NA,1680479481
53,new norfolk,-42.7826,147.0587,16.51,61,46,1.34,AU,1680479481
54,sarangani,5.4033,125.4636,27.5,75,99,4.35,PH,1680479481
55,asau,46.4333,26.4,7.51,93,100,0.97,RO,1680479481
56,nikolskoye,59.7035,30.7861,-2.06,96,100,5.19,RU,1680479481
57,cozumel,20.5083,-86.9458,29.04,70,20,4.12,MX,1680479481
58,tautira,-17.7333,-149.15,28.35,71,91,2.35,PF,1680479481
59,vanimo,-2.6741,141.3028,27.5,78,100,1.52,PG,1680479482
60,makakilo city,21.3469,-158.0858,25.86,80,0,5.66,US,1680479482
61,mahebourg,-20.4081,57.7,26.25,89,75,3.6,MU,1680479325
62,fomboni,-12.28,43.7425,28.17,74,100,2.96,KM,1680479482
63,qaanaaq,77.484,-69.3632,-26.02,64,5,1.04,GL,1680479482
64,talnakh,69.4865,88.3972,-10.17,96,100,3.78,RU,1680479483
65,vila velha,-20.3297,-40.2925,25.53,71,0,4.63,BR,1680479483
66,lebu,-37.6167,-73.65,12.01,81,2,6.46,CL,1680479251
67,kalmunai,7.4167,81.8167,24.82,87,10,2.78,LK,1680479483
68,geraldton,-28.7667,114.6,19.23,88,16,2.57,AU,1680479253
69,hervey bay,-25.2986,152.8535,23.67,70,77,5.86,AU,1680479213
70,umm lajj,25.0213,37.2685,21.96,49,14,3.48,SA,1680479483
71,larsnes,62.2028,5.5773,5.9,69,81,3.35,NO,1680479483
72,sasykoli,47.5515,46.9968,9.25,67,82,2.75,RU,1680479483
73,tuktoyaktuk,69.4541,-133.0374,-17.0,78,20,6.17,CA,1680479483
74,thompson,55.7435,-97.8558,-12.91,52,20,7.2,CA,1680479484
75,kavieng,-2.5744,150.7967,29.31,69,100,5.41,PG,1680479484
76,faanui,-16.4833,-151.75,28.33,68,100,2.93,PF,1680479484
77,surt,31.2089,16.5887,16.43,85,1,12.42,LY,1680479484
78,tasiilaq,65.6145,-37.6368,-1.91,92,100,2.98,GL,1680479484
79,saldanha,-33.0117,17.9442,18.03,91,68,4.67,ZA,1680479484
80,castro,-24.7911,-50.0119,15.48,94,58,3.24,BR,1680479484
81,chapais,49.7834,-74.8492,-8.12,97,100,1.43,CA,1680479485
82,yar-sale,66.8333,70.8333,-11.9,85,32,5.58,RU,1680479485
83,port alfred,-33.5906,26.891,21.77,81,100,0.89,ZA,1680479485
84,khatanga,71.9667,102.5,-13.81,95,100,4.8,RU,1680479485
85,namie,37.4833,141.0,12.06,68,100,4.55,JP,1680479486
86,sao joao do paraiso,-15.3136,-42.0144,24.88,47,70,5.37,BR,1680479486
87,nantucket,41.2835,-70.0995,6.06,47,0,5.14,US,1680479256
88,santa cruz,-17.8,-63.1667,29.03,70,20,3.09,BO,1680479486
89,hami,42.8,93.45,1.31,28,51,6.26,CN,1680479486
90,mayumba,-3.432,10.6554,26.73,85,73,3.56,GA,1680479486
91,songea,-10.6833,35.65,18.64,94,20,0.0,TZ,1680479486
92,the valley,18.217,-63.0578,26.08,78,40,6.69,AI,1680479487
93,priiskovyy,51.9333,116.6333,-7.8,86,50,6.56,RU,1680479487
94,muisne,0.6,-80.0333,26.29,80,66,1.33,EC,1680479488
95,fortuna,40.5982,-124.1573,9.81,81,99,2.68,US,1680479488
96,hovd,48.0056,91.6419,-13.6,40,74,2.22,MN,1680479488
97,tarakan,3.3,117.6333,25.72,89,20,3.09,ID,1680479488
98,at-bashi,41.1702,75.8106,-2.89,55,13,1.69,KG,1680479488
99,lavrentiya,65.5833,-171.0,-13.77,74,44,1.0,RU,1680479488
100,hay river,60.8156,-115.7999,-8.02,73,100,2.06,CA,1680479488
101,mogadishu,2.0371,45.3438,27.79,77,95,2.2,SO,1680479476
102,mironeasa,46.9667,27.4167,7.13,88,95,5.67,RO,1680479488
103,wairoa,-39.0333,177.3667,18.08,73,51,0.89,NZ,1680479489
104,ponta do sol,32.6667,-17.1,19.28,82,2,1.25,PT,1680479489
105,cayenne,4.9333,-52.3333,24.02,88,20,0.0,GF,1680479213
106,atar,20.5169,-13.0499,28.92,6,0,3.64,MR,1680479489
107,hambantota,6.1241,81.1185,23.19,100,20,0.51,LK,1680479489
108,dikson,73.5069,80.5464,-28.24,98,96,5.22,RU,1680479489
109,merauke,-8.4667,140.3333,28.6,73,97,1.63,ID,1680479490
110,camacha,33.0833,-16.3333,16.68,77,40,3.6,PT,1680479490
111,cidreira,-30.1811,-50.2056,20.47,65,9,3.22,BR,1680479490
112,great falls,47.5002,-111.3008,7.66,25,40,8.75,US,1680479430
113,ca mau,9.1769,105.15,26.58,73,14,0.94,VN,1680479490
114,east london,-33.0153,27.9116,22.89,70,100,1.37,ZA,1680479491
115,vestmannaeyjar,63.4427,-20.2734,5.55,93,100,11.32,IS,1680479491
116,leeton,-34.5667,146.4,19.94,50,0,4.72,AU,1680479491
117,dingle,10.9995,122.6711,26.98,71,100,3.41,PH,1680479491
118,carnarvon,-24.8667,113.6333,24.08,75,72,3.83,AU,1680479491
119,shizuishan,39.2333,106.7694,3.54,35,100,4.33,CN,1680479491
120,cabo san lucas,22.8909,-109.9124,28.12,62,75,4.12,MX,1680479491
121,bolilao,10.8833,122.7333,27.01,73,100,4.42,PH,1680479492
122,rocha,-34.4833,-54.3333,17.5,67,66,1.09,UY,1680479492
123,viedma,-40.8135,-62.9967,15.89,71,100,4.76,AR,1680479492
124,batagay,67.6333,134.6333,-10.65,86,100,3.38,RU,1680479492
125,kulhudhuffushi,6.6221,73.07,28.15,64,60,2.89,MV,1680479492
126,codrington,-38.2667,141.9667,15.88,62,0,2.57,AU,1680479492
127,ivanovka,42.8878,75.085,6.49,18,10,2.42,KG,1680479492
128,constitucion,-35.3333,-72.4167,14.27,73,11,6.35,CL,1680479492
129,san juan,-31.5375,-68.5364,23.74,44,0,1.24,AR,1680479212
130,bhatkal,13.9667,74.5667,23.24,84,33,2.73,IN,1680479493
131,torbay,47.6666,-52.7314,4.31,97,100,7.72,CA,1680479493
132,morgan city,29.6994,-91.2068,25.56,76,95,4.2,US,1680479493
133,tommot,58.9564,126.2925,-12.15,90,99,3.14,RU,1680479493
134,port hardy,50.6996,-127.4199,8.1,57,75,5.66,CA,1680479493
135,alappuzha,9.49,76.3264,25.97,81,66,2.44,IN,1680479493
136,vardo,70.3705,31.1107,-4.01,86,100,5.14,NO,1680479493
137,voh,-20.9667,164.7,31.77,54,10,1.36,NC,1680479493
138,broome,42.2506,-75.833,1.48,41,12,0.89,US,1680479494
139,roald,62.5833,6.1333,6.08,65,75,3.09,NO,1680479494
140,naantali,60.4674,22.0243,-2.16,64,0,2.06,FI,1680479494
141,launceston,-41.45,147.1667,15.45,78,42,5.14,AU,1680479494
142,upernavik,72.7868,-56.1549,-29.12,98,71,1.08,GL,1680479397
143,yellowknife,62.456,-114.3525,-10.71,62,75,1.54,CA,1680479494
144,sao joao da barra,-21.6403,-41.0511,25.05,74,60,4.99,BR,1680479495
145,tura,25.5198,90.2201,17.3,86,25,2.32,IN,1680479495
146,san patricio,28.017,-97.5169,28.99,72,100,6.92,US,1680479495
147,ziro,27.6333,93.8333,6.54,99,97,0.59,IN,1680479495
148,yulara,-25.2406,130.9889,24.69,42,43,3.82,AU,1680479495
149,saint george,37.1041,-113.5841,22.19,20,0,3.09,US,1680479495
150,turukhansk,65.8167,87.9833,-2.77,89,100,3.53,RU,1680479495
151,airai,-8.9266,125.4092,18.95,74,67,0.92,TL,1680479495
152,sorland,67.667,12.6934,2.92,67,100,11.73,NO,1680479495
153,dawlatabad,36.4141,64.9053,13.23,76,100,2.86,AF,1680479496
154,discovery bay,37.9085,-121.6002,16.67,52,0,9.26,US,1680479496
155,kodiak,57.79,-152.4072,3.73,45,0,4.63,US,1680479496
156,ust-maya,60.4167,134.5333,-13.32,94,100,1.39,RU,1680479496
157,port hedland,-20.3167,118.5667,29.63,63,76,3.86,AU,1680479496
158,karratha,-20.7377,116.8463,28.49,71,64,3.0,AU,1680479496
159,grindavik,63.8424,-22.4338,3.97,87,100,6.17,IS,1680479496
160,orcopampa,-15.2661,-72.3417,9.1,88,99,2.47,PE,1680479496
161,honningsvag,70.9821,25.9704,-0.14,64,90,8.23,NO,1680479496
162,katsuura,35.1333,140.3,11.9,69,100,8.67,JP,1680479496
163,razdolinsk,58.4211,94.6658,-9.12,95,100,3.89,RU,1680479497
164,lodja,-3.4833,23.4333,20.13,98,59,0.73,CD,1680479497
165,kiunga,-6.1219,141.2906,26.34,86,97,1.34,PG,1680479497
166,benguela,-12.5763,13.4055,26.38,81,90,3.14,AO,1680479497
167,rundu,-17.9333,19.7667,18.95,68,49,1.56,NA,1680479497
168,rassvet,46.8333,40.75,6.61,70,63,3.81,RU,1680479497
169,hauterive,46.0901,3.4459,7.42,98,100,3.48,FR,1680479497
170,polyarnyy,69.1989,33.4478,-12.65,100,75,3.39,RU,1680479497
171,mapiri,-15.25,-68.1667,20.97,97,76,0.11,BO,1680479497
172,bilibino,68.0546,166.4372,-21.97,89,96,1.42,RU,1680479497
173,saint-philippe,-21.3585,55.7679,24.77,80,98,3.99,RE,1680479498
174,nanortalik,60.1432,-45.2371,-0.93,90,100,2.63,GL,1680479498
175,nang rong,14.6377,102.7914,26.42,62,39,2.03,TH,1680479498
176,port blair,11.6667,92.75,25.57,77,98,3.11,IN,1680479498
177,salihorsk,52.7876,27.5415,0.38,95,100,7.57,BY,1680479498
178,reshetylivka,49.565,34.0782,7.85,76,100,4.81,UA,1680479498
179,kupang,-10.1667,123.5833,26.32,100,20,1.54,ID,1680479498
180,damaturu,11.747,11.9608,25.3,11,66,3.73,NG,1680479498
181,bambous virieux,-20.3428,57.7575,26.14,89,75,3.6,MU,1680479498
182,alamos,27.0167,-108.9333,30.97,7,100,3.51,MX,1680479499
183,pogar,52.554,33.2591,5.96,94,100,2.44,RU,1680479499
184,saint-pierre,-21.3393,55.4781,24.82,73,0,3.09,RE,1680479499
185,cerqueira cesar,-23.0356,-49.1661,17.22,85,22,4.91,BR,1680479499
186,cape town,-33.9258,18.4232,20.21,86,75,3.09,ZA,1680479400
187,nicoya,10.1483,-85.452,27.93,60,30,6.28,CR,1680479499
188,olafsvik,64.8945,-23.7142,3.58,93,100,4.5,IS,1680479499
189,aklavik,68.2191,-135.0107,-8.46,81,100,2.81,CA,1680479499
190,portland,45.5234,-122.6762,9.18,81,75,3.13,US,1680479460
191,victoria,22.2855,114.1577,22.03,90,98,1.34,HK,1680479267
192,yaan,7.3833,8.5667,30.75,41,69,2.81,NG,1680479500
193,magadan,59.5667,150.8,-2.48,73,71,2.22,RU,1680479500
194,sola,-13.8833,167.55,28.35,74,97,6.0,VU,1680479500
195,thunder bay,48.4001,-89.3168,-0.05,93,100,3.6,CA,1680479454
196,ostrovnoy,68.0531,39.5131,-8.84,88,100,2.79,RU,1680479500
197,general roca,-39.0333,-67.5833,19.23,39,94,5.68,AR,1680479500
198,dubbo,-32.25,148.6167,21.07,60,0,5.66,AU,1680479500
199,hamilton,39.1834,-84.5333,12.09,57,0,2.57,US,1680479327
200,port lincoln,-34.7333,135.8667,18.98,54,49,2.88,AU,1680479501
201,elliot lake,46.3834,-82.6331,-1.72,84,97,3.88,CA,1680479501
202,souillac,-20.5167,57.5167,26.21,89,75,3.6,MU,1680479501
203,tafo,6.7345,-1.6127,22.04,95,100,1.38,GH,1680479501
204,kidal,18.4411,1.4078,24.76,8,41,1.68,ML,1680479501
205,acapulco,16.8634,-99.8901,29.9,62,0,5.14,MX,1680479426
206,puerto ayora,-0.7393,-90.3518,27.53,91,91,3.58,EC,1680479501
207,pacific grove,36.6177,-121.9166,15.21,68,40,5.66,US,1680479501
208,thinadhoo,0.5333,72.9333,27.66,69,7,1.66,MV,1680479501
209,necochea,-38.5473,-58.7368,16.53,71,100,3.14,AR,1680479289
210,mar del plata,-38.0023,-57.5575,21.16,61,0,1.54,AR,1680479502
211,asyut,27.181,31.1837,18.1,25,0,1.64,EG,1680479502
212,bara,10.3744,10.7288,24.91,12,8,3.26,NG,1680479502
213,bengkulu,-3.8004,102.2655,23.41,90,99,2.01,ID,1680479503
214,cesvaine,56.9667,26.3167,-4.32,93,24,4.37,LV,1680479503
215,alofi,-19.0595,-169.9187,28.94,70,56,8.75,NU,1680479503
216,cap malheureux,-19.9842,57.6142,25.82,77,100,1.34,MU,1680479503
217,sitka,57.0531,-135.33,5.94,70,75,3.09,US,1680479503
218,mangrol,21.1167,70.1167,23.19,77,0,3.24,IN,1680479503
219,latung,5.5,120.8833,27.6,75,100,4.23,PH,1680479503
220,egvekinot,66.3167,-179.1667,-17.16,93,100,2.56,RU,1680479504
221,ambilobe,-13.2,49.05,22.36,96,95,1.19,MG,1680479504
222,port macquarie,-31.4333,152.9167,22.16,81,92,1.62,AU,1680479504
223,sable-sur-sarthe,47.8376,-0.3329,6.14,93,17,3.21,FR,1680479504
224,ozernovskiy,51.5,156.5167,0.25,88,88,5.31,RU,1680479504
225,puntarenas,9.9763,-84.8384,29.33,63,99,3.89,CR,1680479386
226,almaty,43.25,76.95,-3.05,40,0,5.0,KZ,1680479504
227,sambava,-14.2667,50.1667,24.17,91,100,2.59,MG,1680479504
228,berzovia,45.4261,21.6281,7.78,91,31,1.16,RO,1680479504
229,severo-kurilsk,50.6789,156.125,0.44,85,97,6.62,RU,1680479504
230,quibor,9.9287,-69.6201,24.47,61,27,3.17,VE,1680479505
231,porto novo,6.4965,2.6036,27.59,81,49,3.2,BJ,1680479274
232,arteaga,18.4667,-102.4167,25.79,39,58,3.41,MX,1680479287
233,tombouctou,20.0,-3.0,26.21,6,25,3.29,ML,1680479505
234,mutis,6.2262,-77.4044,26.18,88,99,0.86,CO,1680479505
235,xuddur,4.1213,43.8894,23.69,76,100,4.09,SO,1680479505
236,zhuhai,22.2769,113.5678,21.88,88,40,8.23,CN,1680479505
237,esso,55.9333,158.7,2.29,72,17,1.39,RU,1680479505
238,fare,-16.7,-151.0167,28.27,70,94,2.91,PF,1680479505
239,garowe,8.4054,48.4845,25.49,65,20,4.93,SO,1680479506
240,witu,-2.3889,40.4382,28.09,84,60,2.89,KE,1680479506
241,pevek,69.7008,170.3133,-26.14,96,100,1.37,RU,1680479506
242,almunecar,36.7339,-3.6907,15.8,68,64,1.49,ES,1680479506
243,port elizabeth,-33.918,25.5701,21.29,68,0,5.66,ZA,1680479506
244,guerrero negro,27.9769,-114.0611,16.69,63,1,9.25,MX,1680479506
245,los llanos de aridane,28.6585,-17.9182,17.85,76,100,5.66,ES,1680479506
246,mokolo,10.7398,13.8019,25.86,15,23,2.5,CM,1680479506
247,saint anthony,45.0205,-93.218,7.96,56,0,7.72,US,1680479445
248,verkhnya syrovatka,50.829,34.9586,7.09,82,100,2.74,UA,1680479506
249,kokopo,-4.352,152.2633,28.59,70,70,1.16,PG,1680479506
250,immokalee,26.4187,-81.4173,27.99,80,90,4.48,US,1680479507
251,arona,28.0996,-16.681,18.84,71,20,5.66,ES,1680479507
252,tera,14.0078,0.7531,28.64,9,72,4.12,NE,1680479507
253,teya,60.3778,92.6267,-7.27,92,100,3.4,RU,1680479507
254,arraial do cabo,-22.9661,-42.0278,24.79,69,67,5.5,BR,1680479507
255,mangan,27.5167,88.5333,13.49,75,97,2.53,IN,1680479507
256,hasaki,35.7333,140.8333,13.22,58,99,9.43,JP,1680479507
257,aykhal,66.0,111.5,-8.2,89,100,11.46,RU,1680479507
258,tornio,65.8481,24.1466,-14.99,98,15,1.14,FI,1680479508
259,grand gaube,-20.0064,57.6608,26.22,77,99,1.34,MU,1680479508
260,quthing,-30.4,27.7003,13.39,87,90,1.47,LS,1680479508
261,tizapan el alto,20.1667,-103.0667,28.31,24,89,1.01,MX,1680479508
262,nouadhibou,20.931,-17.0347,25.99,41,3,5.14,MR,1680479508
263,aban,56.67,96.06,-7.97,82,100,4.38,RU,1680479508
264,lossiemouth,57.7214,-3.2834,6.95,83,20,3.6,GB,1680479508
265,sheridan,44.8333,-106.9173,4.21,47,100,2.57,US,1680479508
266,henties bay,-22.116,14.2845,15.77,91,6,2.49,NA,1680479508
267,paragominas,-2.9667,-47.4833,22.14,98,98,1.36,BR,1680479509
268,simiti,7.9579,-73.9436,27.69,75,94,1.41,CO,1680479509
269,cabedelo,-6.9811,-34.8339,27.37,75,100,3.12,BR,1680479509
270,maceio,-9.6658,-35.7353,25.69,88,0,2.57,BR,1680479286
271,effingham,32.3669,-81.3332,23.25,61,92,0.98,US,1680479509
272,pascagoula,30.3658,-88.5561,23.4,51,0,3.09,US,1680479268
273,tuatapere,-46.1333,167.6833,15.09,50,91,1.54,NZ,1680479509
274,teguise,29.0605,-13.564,16.12,77,20,10.29,ES,1680479509
275,manggar,-2.8833,108.2667,25.66,80,100,1.69,ID,1680479509
276,collie,-33.3667,116.15,16.05,80,3,2.24,AU,1680479510
277,cauquenes,-35.9671,-72.3225,17.21,40,33,2.15,CL,1680479510
278,devils lake,48.1128,-98.8651,2.19,79,100,6.69,US,1680479510
279,oksfjord,70.2396,22.3479,0.1,75,83,3.56,NO,1680479510
280,orlik,52.5178,99.825,-22.78,85,3,1.14,RU,1680479510
281,praya,14.9215,-23.5087,24.3,78,0,5.14,CV,1680479511
282,tonk,26.1667,75.7833,24.25,34,71,4.54,IN,1680479511
283,mackenzie,55.2999,-123.1698,6.12,33,75,3.09,CA,1680479511
284,presidencia roque saenz pena,-26.7852,-60.4388,26.0,47,7,4.34,AR,1680479511
285,vao,-22.6667,167.4833,25.65,81,23,3.03,NC,1680479511
286,anloga,5.7947,0.8973,27.89,82,28,5.05,GH,1680479511
287,bezerros,-8.2333,-35.7969,21.84,92,100,1.54,BR,1680479511
288,alice town,25.7167,-79.3,25.17,74,9,3.57,BS,1680479512
289,fuyang,32.9,115.8167,11.74,94,100,7.22,CN,1680479512
290,sterling,39.0062,-77.4286,12.48,42,0,2.57,US,1680479373
291,hualmay,-11.0964,-77.6139,24.79,81,59,3.41,PE,1680479512
292,itarema,-2.9248,-39.9167,23.98,89,100,1.55,BR,1680479512
293,namibe,-15.1961,12.1522,23.75,79,22,4.22,AO,1680479512
294,saint-louis,16.3333,-15.0,30.8,14,93,6.07,SN,1680479512
295,babynino,54.39,35.73,6.86,91,99,1.66,RU,1680479512
296,saint-francois,46.4154,3.9054,6.69,93,100,3.6,FR,1680479512
297,neka,36.6508,53.299,7.23,80,80,2.4,IR,1680479512
298,longyearbyen,78.2186,15.6401,-8.09,93,100,0.51,SJ,1680479513
299,puerto quijarro,-17.7833,-57.7667,26.56,71,84,1.03,BO,1680479513
300,flinders,-34.5833,150.8552,22.81,75,54,0.89,AU,1680479513
301,caravelas,-17.7125,-39.2481,25.65,78,56,4.37,BR,1680479513
302,klaksvik,62.2266,-6.589,6.51,82,100,5.59,FO,1680479513
303,nortelandia,-14.4547,-56.8028,23.0,91,22,1.5,BR,1680479513
304,umm kaddadah,13.6017,26.6876,21.92,12,81,4.97,SD,1680479513
305,fiumicino,41.7675,12.2291,12.06,57,0,3.09,IT,1680479513
306,kununurra,-15.7667,128.7333,23.99,94,74,2.06,AU,1680479513
307,nara,34.6851,135.8049,13.84,30,90,1.68,JP,1680479513
308,tiangua,-3.7322,-40.9917,19.22,99,100,0.38,BR,1680479513
309,shenkursk,62.1091,42.896,-1.94,96,100,5.43,RU,1680479514
310,kavaratti,10.5669,72.642,27.54,69,13,3.97,IN,1680479514
311,bestobe,52.4994,73.0975,-0.22,41,1,3.77,KZ,1680479514
312,arica,-18.475,-70.3042,25.75,73,0,1.54,CL,1680479514
313,norman wells,65.282,-126.8329,-5.98,45,40,1.03,CA,1680479514
314,beloha,-25.1667,45.05,21.59,88,53,3.75,MG,1680479514
315,bereda,43.2686,-7.5406,2.86,100,48,0.99,ES,1680479514
316,batemans bay,-35.7167,150.1833,17.83,56,11,1.84,AU,1680479514
317,high level,58.5169,-117.136,-4.94,68,75,4.63,CA,1680479408
318,djibo,14.1022,-1.6306,27.69,10,37,2.08,BF,1680479514
319,padang,-0.9492,100.3543,24.03,94,100,2.68,ID,1680479386
320,dezhou,37.4486,116.2925,15.79,36,100,3.86,CN,1680479515
321,lorengau,-2.0226,147.2712,29.11,69,97,3.57,PG,1680479515
322,lakinsk,56.0193,39.9485,4.31,94,100,2.09,RU,1680479515
323,bemidji,47.4736,-94.8803,4.39,83,100,5.14,US,1680479515
324,varhaug,58.6147,5.6457,4.94,76,65,0.45,NO,1680479515
325,whitehorse,60.7161,-135.0538,0.05,49,100,0.89,CA,1680479295
326,sinnamary,5.3833,-52.95,24.71,84,82,4.25,GF,1680479515
327,kendari,-3.945,122.4989,24.29,91,100,1.44,ID,1680479515
328,warner robins,32.621,-83.5999,21.23,43,40,2.06,US,1680479515
329,severnyy,50.677,36.5532,7.02,60,0,2.0,RU,1680479515
330,anadyr,64.75,177.4833,-14.72,85,75,4.0,RU,1680479515
331,raga,8.4596,25.678,24.59,16,12,1.23,SS,1680479516
332,joshimath,30.5667,79.5667,6.62,51,21,3.54,IN,1680479516
333,tuensang,26.2833,94.8333,13.12,93,51,1.48,IN,1680479516
334,vostok,46.4856,135.8833,10.89,53,4,0.66,RU,1680479516
335,college,64.8569,-147.8028,-0.79,77,75,6.17,US,1680479516
336,toucheng,24.8592,121.8233,22.97,69,92,2.26,TW,1680479516
337,flin flon,54.7682,-101.865,-8.09,45,40,3.6,CA,1680479462
338,iqaluit,63.7506,-68.5145,-12.15,56,75,6.69,CA,1680479516
339,kambove,-10.8764,26.5969,15.87,98,96,1.14,CD,1680479516
340,soyo,-6.1349,12.3689,27.32,84,33,4.61,AO,1680479516
341,cooma,-36.2333,149.1333,15.87,63,20,3.55,AU,1680479516
342,brighton,50.8284,-0.1395,4.4,84,4,1.79,GB,1680479429
343,kalach-na-donu,48.691,43.5264,7.3,73,83,1.82,RU,1680479517
344,reconquista,-29.15,-59.65,20.98,42,18,3.52,AR,1680479517
345,bosanska gradiska,45.1411,17.25,7.14,78,89,3.95,BA,1680479517
346,noumea,-22.2763,166.4572,30.99,99,19,3.82,NC,1680479472
347,yamethin,20.4333,96.15,23.35,60,40,2.82,MM,1680479517
348,zvishavane,-20.3267,30.0665,15.75,95,3,0.43,ZW,1680479517
349,brownfield,33.1812,-102.2744,28.3,7,0,5.48,US,1680479517
350,hofn,64.2539,-15.2082,3.06,97,100,4.44,IS,1680479517
351,plettenberg bay,-34.0527,23.3716,18.02,89,79,4.42,ZA,1680479517
352,dunedin,-45.8742,170.5036,16.0,53,14,0.45,NZ,1680479260
353,te anau,-45.4167,167.7167,13.37,55,33,0.73,NZ,1680479518
354,chiguayante,-36.9167,-73.0167,14.29,67,0,5.14,CL,1680479518
355,sayaxche,16.5167,-90.1667,29.52,33,51,2.94,GT,1680479518
356,fort nelson,58.8053,-122.7002,1.08,48,75,1.79,CA,1680479519
357,belaya gora,68.5333,146.4167,-17.91,85,31,4.59,RU,1680479519
358,laramie,41.3114,-105.5911,6.42,62,100,7.2,US,1680479519
359,kodinsk,58.6881,99.1844,-6.95,88,100,4.42,RU,1680479519
360,ajdabiya,30.7554,20.2263,22.38,14,5,10.27,LY,1680479519
361,ayan,56.45,138.1667,-5.24,63,74,1.5,RU,1680479519
362,springfield,37.2153,-93.2982,22.92,35,40,7.2,US,1680479441
363,krutikha,53.9599,81.2093,-6.53,74,58,1.83,RU,1680479520
364,manoharpur,27.3,75.95,20.98,48,0,2.5,IN,1680479520
365,pisco,-13.7,-76.2167,25.03,83,0,7.72,PE,1680479520
366,bandarbeyla,9.4942,50.8122,27.12,77,34,2.79,SO,1680479520
367,kaitangata,-46.2817,169.8464,16.07,57,41,1.76,NZ,1680479520
368,zhezkazgan,47.8043,67.7144,1.86,34,44,7.12,KZ,1680479520
369,sao miguel,-5.4667,-35.3667,26.43,75,99,2.59,BR,1680479520
370,jacareacanga,-6.2222,-57.7528,21.2,99,100,1.36,BR,1680479520
371,maraa,-1.8333,-65.3667,23.52,97,92,1.2,BR,1680479520
372,isangel,-19.55,169.2667,30.2,67,2,2.26,VU,1680479521
373,capelinha,-17.6914,-42.5158,18.36,92,96,2.78,BR,1680479521
374,wilmington,34.2257,-77.9447,16.95,59,0,3.6,US,1680479431
375,marsabit,2.3284,37.9899,20.82,69,82,6.97,KE,1680479521
376,beringovskiy,63.05,179.3167,-3.78,83,99,2.75,RU,1680479521
377,westport,41.1415,-73.3579,8.63,26,0,5.66,US,1680479521
378,orebro,59.2741,15.2066,-1.9,64,7,1.54,SE,1680479521
379,kotido,2.9806,34.1331,21.05,73,78,1.53,UG,1680479521
380,calvinia,-31.4707,19.776,12.41,84,41,3.37,ZA,1680479521
381,sunzha,43.3211,45.0522,2.19,57,75,1.49,RU,1680479522
382,pyatovskiy,54.6891,36.0563,7.02,92,100,1.68,RU,1680479522
383,maxixe,-23.8597,35.3472,22.14,74,28,1.55,MZ,1680479522
384,spas-demensk,54.4122,34.0226,4.3,99,100,1.41,RU,1680479522
385,beaumont,30.0861,-94.1019,25.13,81,75,6.17,US,1680479522
386,ponta delgada,37.7333,-25.6667,13.4,62,20,3.6,PT,1680479522
387,trairi,-3.2778,-39.2689,23.78,90,100,0.21,BR,1680479459
388,adre,13.4667,22.2,23.86,15,28,2.82,TD,1680479522
389,christchurch,-43.5333,172.6333,16.62,67,100,3.09,NZ,1680479356
390,richards bay,-28.783,32.0377,22.52,81,38,7.23,ZA,1680479522
391,sakaiminato,35.55,133.2333,11.96,71,75,2.06,JP,1680479523
392,tiksi,71.6872,128.8694,-7.14,80,100,8.48,RU,1680479523
393,gamba,-2.65,10.0,25.82,86,89,2.72,GA,1680479523
394,manta,-0.95,-80.7333,26.88,78,40,3.6,EC,1680479523
395,carmen,18.6333,-91.8333,27.57,74,3,6.23,MX,1680479523
396,fountain,38.6822,-104.7008,21.12,11,0,11.32,US,1680479523
397,daly city,37.7058,-122.4619,14.67,70,75,10.73,US,1680479466
398,tahta,26.7693,31.5021,18.9,22,0,2.72,EG,1680479523
399,aswan,24.0934,32.907,20.61,19,0,1.54,EG,1680479523
400,bajil,15.0584,43.2851,25.63,78,58,3.63,YE,1680479523
401,tual,-5.6667,132.75,27.84,73,99,3.07,ID,1680479523
402,inta,66.0317,60.1659,-10.02,95,86,4.07,RU,1680479524
403,puerto colombia,10.9878,-74.9547,27.05,85,30,14.06,CO,1680479524
404,fairbanks,64.8378,-147.7164,-0.78,77,100,6.17,US,1680479491
405,port-cartier,50.0334,-66.8654,-6.18,69,10,11.59,CA,1680479524
406,kloulklubed,7.0419,134.2556,27.28,70,28,0.98,PW,1680479524
407,juneau,58.3019,-134.4197,6.79,87,100,3.6,US,1680479469
408,marawi,7.9986,124.2928,22.46,88,59,1.25,PH,1680479524
409,promyshlennaya,54.9159,85.6385,-5.47,83,100,3.01,RU,1680479524
410,barabai,-2.5833,115.3833,25.24,92,91,0.53,ID,1680479525
411,black diamond,47.3087,-122.0032,8.24,83,100,2.24,US,1680479525
412,borovskoy,53.8,64.15,0.25,71,0,3.26,KZ,1680479525
413,macae,-22.3708,-41.7869,23.86,73,0,2.06,BR,1680479525
414,turbat,26.0023,63.044,22.74,72,0,2.51,PK,1680479525
415,clyde river,70.4692,-68.5914,-23.87,84,0,1.54,CA,1680479461
416,oxapampa,-10.5775,-75.4017,15.08,97,57,1.25,PE,1680479242
417,balkanabat,39.5108,54.3671,9.06,74,100,3.09,TM,1680479525
418,uruacu,-14.5247,-49.1408,20.88,93,98,0.22,BR,1680479508
419,quatre cocos,-20.2078,57.7625,26.06,83,84,3.43,MU,1680479525
420,mananara,-16.1667,49.7667,23.81,94,100,1.17,MG,1680479525
421,arkhipo-osipovka,44.37,38.52,9.2,88,88,1.81,RU,1680479526
422,la palma,33.8464,-118.0467,21.77,61,0,5.14,US,1680479526
423,oxford,51.7522,-1.256,4.47,88,3,3.09,GB,1680479355
424,neiafu,-18.65,-173.9833,29.38,65,20,5.14,TO,1680479526
425,shestakovo,56.4915,103.96,-11.27,91,94,2.35,RU,1680479526
426,lima,-12.0432,-77.0282,27.17,62,75,5.14,PE,1680479286
427,bangad,15.5036,121.0275,26.92,70,27,1.81,PH,1680479526
428,deputatskiy,69.3,139.9,-16.54,81,96,1.28,RU,1680479526
429,araouane,18.9048,-3.5265,26.33,6,17,5.36,ML,1680479526
430,sarlat-la-caneda,44.889,1.2166,7.85,90,93,2.71,FR,1680479526
431,shevchenkove,49.6959,37.1735,7.82,73,100,5.32,UA,1680479527
432,arlit,18.7369,7.3853,24.53,5,100,4.3,NE,1680479527
433,fenelon falls,44.5334,-78.7496,1.77,58,53,3.9,CA,1680479527
434,krasnoselkup,65.7,82.4667,-5.13,96,100,3.59,RU,1680479527
435,staraya mayna,54.6,48.95,1.06,81,92,2.29,RU,1680479527
436,kokkola,63.8385,23.1307,-12.91,92,18,0.51,FI,1680479527
437,tessalit,20.1986,1.0114,25.53,7,27,3.64,ML,1680479527
438,santa clara,22.4,-79.9667,26.81,61,20,7.2,CU,1680479527
439,petropavlovsk-kamchatskiy,53.0452,158.6483,2.33,65,0,4.0,RU,1680479528
440,brownsville,25.9018,-97.4975,29.0,75,40,6.69,US,1680479528
441,auki,-8.7676,160.7034,29.94,65,63,0.88,SB,1680479528
442,havre-saint-pierre,50.2334,-63.5986,-1.8,69,75,8.75,CA,1680479528
443,puerto asis,0.5133,-76.5007,21.04,88,74,0.66,CO,1680479528
444,guane,22.2025,-84.0875,25.09,75,30,1.48,CU,1680479528
445,kyshtovka,56.555,76.6271,-6.24,81,12,3.89,RU,1680479528
446,atbasar,51.8,68.3333,-3.37,74,0,3.39,KZ,1680479528
447,kruisfontein,-34.0033,24.7314,18.82,82,100,5.51,ZA,1680479528
448,novovarshavka,54.1721,74.6946,-5.53,77,2,2.62,RU,1680479529
449,ginir,7.1333,40.7,15.3,84,99,1.7,ET,1680479529
450,tabou,4.423,-7.3528,26.29,87,23,2.0,CI,1680479529
451,berdigestyakh,62.0989,126.6992,-11.94,92,66,2.75,RU,1680479529
452,salvacion,7.9833,126.1333,25.0,92,96,0.81,PH,1680479529
453,najran,17.4924,44.1277,18.36,51,95,3.99,SA,1680479529
454,bac lieu,9.285,105.7244,27.43,73,39,2.19,VN,1680479529
455,bahia blanca,-38.7196,-62.2724,22.68,52,87,0.89,AR,1680479529
456,bonthe,7.5264,-12.505,26.31,88,0,2.62,SL,1680479529
457,bagotville,-28.9833,153.4167,22.58,76,49,2.98,AU,1680479529
458,komsomolskiy,40.4272,71.7189,12.4,76,97,3.09,UZ,1680479530
459,lucapa,-8.4192,20.7447,17.82,97,59,0.37,AO,1680479530
460,zeya,53.75,127.2667,2.71,93,100,3.71,RU,1680479530
461,karpathos,35.507,27.2132,16.98,77,41,3.09,GR,1680479530
462,paita,-5.0892,-81.1144,26.92,80,91,5.64,PE,1680479530
463,san vicente,-26.6167,-54.1333,15.32,40,1,1.3,AR,1680479530
464,parry sound,45.3501,-80.033,3.03,41,83,1.08,CA,1680479530
465,samarai,-10.6167,150.6667,28.82,73,86,4.67,PG,1680479531
466,safaga,26.7292,33.9365,21.07,38,0,4.3,EG,1680479531
467,kargasok,59.0556,80.8572,-2.37,88,98,5.12,RU,1680479531
468,honiara,-9.4333,159.95,30.64,66,91,3.39,SB,1680479531
469,berlevag,70.8578,29.0864,-3.03,74,88,7.47,NO,1680479531
470,gold coast,-28.0,153.4333,26.61,77,75,5.66,AU,1680479489
471,beyneu,45.3167,55.2,6.6,66,7,2.28,KZ,1680479531
472,jambi,-1.6,103.6167,22.8,97,100,0.87,ID,1680479531
473,ulaangom,49.9811,92.0667,-14.89,50,26,1.05,MN,1680479531
474,poronaysk,49.2167,143.1167,1.32,82,17,0.58,RU,1680479532
475,ihosy,-22.4,46.1167,18.82,96,85,2.23,MG,1680479532
476,supaul,26.1167,86.6,21.45,51,0,1.38,IN,1680479532
477,pangnirtung,66.1451,-65.7125,-16.95,75,100,3.32,CA,1680479532
478,waipawa,-41.4122,175.5153,12.39,87,96,4.79,NZ,1680479532
479,ipojuca,-8.3989,-35.0639,27.95,81,100,1.76,BR,1680479532
480,marechal candido rondon,-24.5561,-54.0567,21.0,73,0,1.36,BR,1680479532
481,querfurt,51.3833,11.6,1.92,90,52,4.14,DE,1680479532
482,khandyga,62.6667,135.6,-11.51,90,99,2.6,RU,1680479532
483,salinopolis,-0.6136,-47.3561,25.32,84,50,3.87,BR,1680479436
484,kilindoni,-7.9139,39.6668,27.14,80,93,6.1,TZ,1680479533
485,tacuati,-23.45,-56.5833,25.51,67,52,1.43,PY,1680479533
486,shanghai,31.2222,121.4581,13.93,70,75,6.0,CN,1680479533
487,vyartsilya,62.1764,30.693,-7.0,90,8,4.44,RU,1680479533
488,saint-raymond,45.467,-73.6095,0.18,49,20,7.2,CA,1680479533
489,byron bay,-28.65,153.6167,22.62,74,55,3.16,AU,1680479392
490,capao bonito,-24.0058,-48.3494,15.39,97,37,2.8,BR,1680479533
491,siavonga,-16.5382,28.7088,21.29,78,100,3.0,ZM,1680479534
492,yining,29.0361,114.5636,19.87,96,100,1.53,CN,1680479534
493,netivot,31.4222,34.5886,14.44,60,6,2.54,IL,1680479534
494,nabire,-3.3667,135.4833,24.61,88,100,1.57,ID,1680479534
495,mnogovershinnyy,53.9353,139.9242,-1.79,80,91,0.36,RU,1680479535
496,yushu,44.8,126.5333,15.8,21,97,5.82,CN,1680479535
497,buala,-8.145,159.5921,29.61,69,94,4.37,SB,1680479535
498,ambon,-3.6954,128.1814,26.08,83,20,1.54,ID,1680479535
499,letka,59.6011,49.4232,2.35,98,100,1.59,RU,1680479535
500,san jeronimo,-11.9472,-75.2829,10.9,81,95,2.44,PE,1680479535
501,semporna,4.4818,118.6112,24.54,91,100,2.62,MY,1680479535
502,muros,42.7762,-9.0603,9.35,86,79,3.0,ES,1680479536
503,harboore,56.6175,8.1807,0.08,92,1,3.33,DK,1680479536
504,erzin,36.9559,36.2,11.91,84,84,1.62,TR,1680479536
505,jaisalmer,26.9147,70.9181,23.51,58,1,7.2,IN,1680479536
506,den helder,52.9599,4.7593,4.99,72,0,6.26,NL,1680479536
507,saint-michel-des-saints,46.6834,-73.9159,-2.81,96,90,1.89,CA,1680479536
508,mizdah,31.4451,12.9801,10.86,64,25,6.89,LY,1680479536
509,waingapu,-9.6567,120.2641,26.61,79,99,1.08,ID,1680479536
510,haradok,55.4624,29.9816,-2.32,93,100,5.68,BY,1680479536
511,tabuk,17.4189,121.4443,24.15,85,79,1.25,PH,1680479537
512,oga,46.4631,10.347,4.38,96,62,2.78,IT,1680479537
513,belmonte,-15.8631,-38.8828,25.99,76,53,2.96,BR,1680479537
514,yerofey pavlovich,53.9667,121.9667,-7.99,84,100,4.03,RU,1680479537
515,kaka,37.3482,59.6143,8.52,65,41,1.02,TM,1680479537
516,nome,64.5011,-165.4064,-10.47,79,0,2.57,US,1680479537
517,bongaree,-27.0797,153.1586,25.01,71,17,7.02,AU,1680479537
518,taoudenni,22.6783,-3.9836,28.41,6,0,4.18,ML,1680479537
519,beidao,34.5686,105.8933,4.12,97,100,3.1,CN,1680479537
520,antofagasta,-23.65,-70.4,22.6,84,37,1.83,CL,1680479238
521,kingsport,36.5484,-82.5618,16.51,31,0,1.54,US,1680479350
522,sandakan,5.8402,118.1179,24.82,94,20,2.06,MY,1680479538
523,marsh harbour,26.5412,-77.0636,24.56,78,1,3.8,BS,1680479538
524,nanfeng,23.7434,111.7959,21.55,96,100,1.07,CN,1680479538
525,jatai,-17.8814,-51.7144,21.08,83,74,0.55,BR,1680479538
526,malakal,9.5334,31.6605,27.98,13,14,3.12,SS,1680479538
527,selu,19.4667,76.4667,25.15,30,50,3.12,IN,1680479538
528,lagos,6.5833,3.75,28.18,86,65,1.7,NG,1680479538
529,lompoc,34.6391,-120.4579,19.32,74,40,12.07,US,1680479538
530,tomatlan,19.9333,-105.25,27.29,53,93,2.97,MX,1680479538
531,kadhan,24.481,68.9859,23.65,77,5,6.01,PK,1680479538
532,aberdeen,57.1437,-2.0981,3.27,91,33,3.09,GB,1680479539
533,dargaville,-35.9333,173.8833,19.44,49,75,5.5,NZ,1680479539
534,highland,34.1283,-117.2086,22.48,43,0,4.12,US,1680479539
535,vung tau,10.346,107.0843,26.69,81,16,3.0,VN,1680479539
536,naryan-mar,67.6713,53.087,-15.4,98,70,2.29,RU,1680479539
537,comodoro rivadavia,-45.8667,-67.5,14.92,36,0,3.09,AR,1680479427
538,paris,48.8534,2.3488,7.1,85,100,5.14,FR,1680479400
539,puqi,29.7167,113.8833,20.47,92,100,1.82,CN,1680479539
540,abu samrah,35.3029,37.1841,10.45,86,48,1.44,SY,1680479539
541,eurajoki,61.2,21.7333,-3.99,94,11,2.39,FI,1680479539
542,itacoatiara,-3.1431,-58.4442,22.35,99,100,0.65,BR,1680479335
543,jaru,-10.4389,-62.4664,22.7,96,71,1.33,BR,1680479540
544,ampanihy,-24.7,44.75,21.69,86,74,3.9,MG,1680479540
545,fukue,32.6881,128.8419,15.2,67,0,5.66,JP,1680479540
546,guapi,2.5708,-77.8854,25.2,88,100,0.89,CO,1680479540
547,adrar,20.5022,-10.0711,24.73,5,0,3.35,MR,1680479540
548,morant bay,17.8815,-76.4093,27.79,81,13,4.24,JM,1680479540
549,pringsewu,-5.3582,104.9744,23.25,90,99,1.12,ID,1680479540
550,kudahuvadhoo,2.6708,72.8944,27.7,70,31,1.42,MV,1680479540
551,ibra,22.6906,58.5334,23.04,36,26,0.45,OM,1680479540
552,luangwa,-15.6167,30.4167,20.85,89,70,1.39,ZM,1680479541
553,gumdag,39.2061,54.5906,9.55,69,99,4.92,TM,1680479541
554,naron,43.5167,-8.1528,10.57,75,58,8.73,ES,1680479330
555,sobolevo,54.4299,31.8996,0.85,97,100,5.51,RU,1680479541
556,vagamo,61.8751,9.0967,-6.9,93,63,1.38,NO,1680479541
557,swift current,50.2834,-107.8014,-6.55,86,100,7.2,CA,1680479541
558,bathsheba,13.2167,-59.5167,26.34,73,40,9.77,BB,1680479541
559,adamovka,51.5223,59.9396,1.27,71,1,4.34,RU,1680479542
560,basco,20.4487,121.9702,24.0,72,82,7.64,PH,1680479542
561,sao gabriel da cachoeira,-0.1303,-67.0892,23.06,97,75,0.32,BR,1680479543
562,cambre,43.2944,-8.3474,10.11,88,0,1.54,ES,1680479543
563,redwood city,37.4852,-122.2364,14.93,68,75,9.26,US,1680479401
564,tandil,-37.3217,-59.1332,16.91,59,100,1.86,AR,1680479411
565,peniche,39.3558,-9.3811,12.18,85,59,4.94,PT,1680479544
566,rorvik,64.8621,11.2373,3.06,56,100,3.09,NO,1680479544
567,san cristobal,7.7669,-72.225,24.1,86,98,1.43,VE,1680479544
568,kozienice,51.5829,21.5478,2.22,78,100,6.83,PL,1680479544
569,khanpur,28.6453,70.6567,20.87,71,2,5.35,PK,1680479544
570,mehamn,71.0357,27.8492,-3.05,93,94,8.23,NO,1680479544
571,soe,-9.8607,124.284,22.53,75,91,1.2,ID,1680479544
